{
  "epochs": [
    1,
    2,
    3,
    4,
    5,
    6,
    7,
    8,
    9,
    10,
    11,
    12,
    13,
    14,
    15,
    16,
    17,
    18,
    19,
    20,
    21,
    22,
    23,
    24,
    25,
    26,
    27,
    28,
    29,
    30,
    31,
    32,
    33,
    34,
    35,
    36,
    37,
    38,
    39,
    40,
    41,
    42,
    43,
    44,
    45,
    46,
    47,
    48,
    49,
    50,
    51,
    52,
    53,
    54,
    55,
    56,
    57,
    58,
    59,
    60,
    61,
    62,
    63,
    64,
    65,
    66,
    67,
    68,
    69,
    70,
    71,
    72,
    73,
    74,
    75,
    76,
    77,
    78,
    79,
    80,
    81,
    82,
    83,
    84,
    85,
    86,
    87,
    88,
    89,
    90,
    91,
    92,
    93,
    94,
    95,
    96,
    97,
    98,
    99,
    100
  ],
  "train_losses": [
    0.221760623068327,
    0.02738312618540866,
    0.01787419601654013,
    0.011444805611279748,
    0.009169454176333688,
    0.007849621852593762,
    0.007213764047871034,
    0.006782096766290211,
    0.006489112252546917,
    0.006646688129486782,
    0.005913738893078906,
    0.005797673548970904,
    0.005710948691038149,
    0.005665672787775596,
    0.0054679188400595675,
    0.0054372800846717185,
    0.005451111134052986,
    0.005400965322873422,
    0.005421286415574806,
    0.0054456335603303855,
    0.0053635396817255585,
    0.005417559451113145,
    0.005359560905379199,
    0.0053671191535180525,
    0.00523379548741061,
    0.005306964673634086,
    0.005235850145774228,
    0.0051524587574281865,
    0.005093800292039911,
    0.004910053851615105,
    0.004790749489551499,
    0.004947265310745154,
    0.0045023902452417785,
    0.004441100261395886,
    0.0043027199294772885,
    0.004131834604777396,
    0.0039757165470204895,
    0.003891538606867904,
    0.0038066726244453874,
    0.003728452449043592,
    0.0035914969741411154,
    0.0035852159295851984,
    0.0034672485919491876,
    0.0034778234742892287,
    0.003333204431414959,
    0.003330866905993649,
    0.003246048847878618,
    0.0032078240432643463,
    0.003155573520676366,
    0.0030921141151338816,
    0.003081711003601196,
    0.0031238687058378544,
    0.003030340608564161,
    0.003002781016264288,
    0.002985748246179095,
    0.002969434834085405,
    0.0029718717061249273,
    0.0029334769822612758,
    0.0029572591828625826,
    0.002982409609969528,
    0.0029822526488541847,
    0.0029461735948210672,
    0.0029311259388036673,
    0.0029353287314907426,
    0.0029249307644065646,
    0.0029136615173359004,
    0.0029298311121584404,
    0.002919130431975992,
    0.0029443418108192937,
    0.0028957612369032134,
    0.002897370290676398,
    0.002931779682902353,
    0.0029859185784256886,
    0.002851573159984712,
    0.00283692680421241,
    0.0028983406068402388,
    0.002916335577278265,
    0.0028270802937359328,
    0.0028017583591420027,
    0.002837320900566521,
    0.0030352563785743854,
    0.002778286169770928,
    0.0028272731939242,
    0.0026713976819467333,
    0.0026119884652351694,
    0.002688764261880091,
    0.0027522330083662554,
    0.0026001076579892208,
    0.0025553962914273143,
    0.00254626725135105,
    0.0025809891688238296,
    0.002587474755100196,
    0.002589779096611199,
    0.002542234219921132,
    0.002578221244870552,
    0.0025754019983911087,
    0.0025202601349779536,
    0.0025087233156054502,
    0.0025207764535610166,
    0.002522461010985786
  ],
  "val_losses": [
    0.03342279315822654,
    0.0222666302902831,
    0.014227473228755925,
    0.011389219150361087,
    0.008515683753002021,
    0.0077565983972615665,
    0.008126527459050218,
    0.006633069340346588,
    0.007914333707756467,
    0.006271853732566039,
    0.006003720064957936,
    0.0058591104785187375,
    0.005712333782058623,
    0.00574364150977797,
    0.005550059386425548,
    0.00548087818444603,
    0.005480876347670953,
    0.005491905690481265,
    0.005505858377243082,
    0.005440642953746849,
    0.005486310071622332,
    0.005521519808098674,
    0.005420579238691264,
    0.005409542393560211,
    0.005357838494496213,
    0.005369353030497829,
    0.005332769334523214,
    0.005192498262557719,
    0.0051386003227283554,
    0.004921405783130063,
    0.006023055123579171,
    0.0049086410241822405,
    0.004664805588415927,
    0.004516525646775133,
    0.004417748229267697,
    0.004197604268685811,
    0.004145632821342183,
    0.003951651716811789,
    0.003874089478308128,
    0.0037718777700016894,
    0.0041731714736670256,
    0.003679829533211887,
    0.0037287484544018903,
    0.0034948813133976525,
    0.003750359393759734,
    0.0033966568298637867,
    0.0033329803651819625,
    0.0033021272134242784,
    0.003409214602369401,
    0.003182552845424248,
    0.00310038626452701,
    0.003128700786166721,
    0.0031340798595920205,
    0.003034283277682132,
    0.003015836325681044,
    0.0030555465103437505,
    0.0030208591811565887,
    0.003021853135174347,
    0.0030072181640813747,
    0.0030412436850989857,
    0.0030201764182291096,
    0.0030175450180346766,
    0.003060349741847151,
    0.0030335853290226725,
    0.00304884510114789,
    0.003057621380624672,
    0.003054672606392867,
    0.002994602015759382,
    0.002956465869728062,
    0.002999655992930962,
    0.003016645839023921,
    0.003126856353547838,
    0.0029279516440712744,
    0.0029271191322348183,
    0.0028983697864330476,
    0.003162309320436584,
    0.002845302198289169,
    0.002920414722110662,
    0.0028936718202506504,
    0.004155872894140582,
    0.0029161045224302346,
    0.003253026464436617,
    0.002781628592250248,
    0.0028551334851524895,
    0.0027434633811935782,
    0.0027885816655018264,
    0.0026704067260854775,
    0.0026897832673663893,
    0.0026793609011090463,
    0.002630925465685626,
    0.002595060970634222,
    0.002583102814646231,
    0.002704118546615872,
    0.0026137298878489267,
    0.002707788513766395,
    0.002631449451049169,
    0.002624239410377211,
    0.0026367565927406154,
    0.002607679473132723,
    0.0026015029159478014
  ],